{
  "name": "tinycolorpicker",
  "title": "Tiny Colorpicker",
  "version": "0.9.5",
  "description": "A lightweight cross browser jQuery based colorpicker.",
  "homepage": "http://www.baijs.com/tinycolorpicker",
  "repository": {
    "type": "git",
    "url": "https://github.com/wieringen/tinycolorpicker.git"
  },
  "keywords": [
    "UI",
    "jQuery",
    "Mobile",
    "colors",
    "colorpicker",
    "javascript"
  ],
  "author": {
    "name": "Maarten Baijs",
    "email": "wieringen@gmail.com"
  },
  "licenses": [
    {
      "type": "MIT",
      "url": "https://github.com/wieringen/tinycolorpicker/blob/master/MIT-LICENSE.txt"
    }
  ],
  "bugs": "https://github.com/wieringen/tinycolorpicker/issues",
  "download": "http://baijs.com/tinycolorpicker/",
  "demo" : "http://baijs.com/tinycolorpicker/",
  "docs" : "http://baijs.com/tinycolorpicker/",
  "dependencies": {
    "jquery": ">=1.5"
  }
}
